onset	duration	trial_type	value	sample
13.671875	0.8	NonTarget	1	3500
13.84375	0.8	NonTarget	1	3544
14.015625	0.8	NonTarget	1	3588
14.1875	0.8	NonTarget	1	3632
14.359375	0.8	NonTarget	1	3676
14.53125	0.8	NonTarget	1	3720
14.703125	0.8	NonTarget	1	3764
14.875	0.8	NonTarget	1	3808
15.046875	0.8	NonTarget	1	3852
15.21875	0.8	Target	2	3896
15.390625	0.8	NonTarget	1	3940
15.5625	0.8	Target	2	3984
15.734375	0.8	Target	2	4028
15.90625	0.8	Target	2	4072
16.078125	0.8	NonTarget	1	4116
16.25	0.8	NonTarget	1	4160
16.421875	0.8	NonTarget	1	4204
16.59375	0.8	NonTarget	1	4248
16.765625	0.8	NonTarget	1	4292
16.9375	0.8	NonTarget	1	4336
17.109375	0.8	NonTarget	1	4380
17.28125	0.8	NonTarget	1	4424
17.453125	0.8	NonTarget	1	4468
17.625	0.8	NonTarget	1	4512
17.796875	0.8	NonTarget	1	4556
17.96875	0.8	NonTarget	1	4600
18.140625	0.8	NonTarget	1	4644
18.3125	0.8	NonTarget	1	4688
18.484375	0.8	NonTarget	1	4732
18.65625	0.8	NonTarget	1	4776
18.828125	0.8	NonTarget	1	4820
19.0	0.8	NonTarget	1	4864
19.171875	0.8	NonTarget	1	4908
19.34375	0.8	NonTarget	1	4952
19.515625	0.8	Target	2	4996
19.6875	0.8	Target	2	5040
19.859375	0.8	NonTarget	1	5084
20.03125	0.8	NonTarget	1	5128
20.203125	0.8	Target	2	5172
20.375	0.8	NonTarget	1	5216
20.546875	0.8	NonTarget	1	5260
20.71875	0.8	NonTarget	1	5304
20.890625	0.8	NonTarget	1	5348
21.0625	0.8	NonTarget	1	5392
21.234375	0.8	NonTarget	1	5436
21.40625	0.8	Target	2	5480
21.578125	0.8	NonTarget	1	5524
21.75	0.8	NonTarget	1	5568
21.921875	0.8	NonTarget	1	5612
22.09375	0.8	NonTarget	1	5656
22.265625	0.8	NonTarget	1	5700
22.4375	0.8	NonTarget	1	5744
22.609375	0.8	NonTarget	1	5788
22.78125	0.8	NonTarget	1	5832
22.953125	0.8	NonTarget	1	5876
23.125	0.8	NonTarget	1	5920
23.296875	0.8	NonTarget	1	5964
23.46875	0.8	NonTarget	1	6008
23.640625	0.8	Target	2	6052
23.8125	0.8	Target	2	6096
23.984375	0.8	NonTarget	1	6140
24.15625	0.8	NonTarget	1	6184
24.328125	0.8	NonTarget	1	6228
24.5	0.8	NonTarget	1	6272
24.671875	0.8	NonTarget	1	6316
24.84375	0.8	NonTarget	1	6360
25.015625	0.8	Target	2	6404
25.1875	0.8	NonTarget	1	6448
25.359375	0.8	NonTarget	1	6492
25.53125	0.8	NonTarget	1	6536
25.703125	0.8	Target	2	6580
25.875	0.8	NonTarget	1	6624
26.046875	0.8	Target	2	6668
26.21875	0.8	NonTarget	1	6712
26.390625	0.8	NonTarget	1	6756
26.5625	0.8	NonTarget	1	6800
26.734375	0.8	Target	2	6844
26.90625	0.8	NonTarget	1	6888
27.078125	0.8	NonTarget	1	6932
27.25	0.8	NonTarget	1	6976
27.421875	0.8	NonTarget	1	7020
27.59375	0.8	NonTarget	1	7064
27.765625	0.8	NonTarget	1	7108
27.9375	0.8	NonTarget	1	7152
28.109375	0.8	NonTarget	1	7196
28.28125	0.8	NonTarget	1	7240
28.453125	0.8	Target	2	7284
28.625	0.8	NonTarget	1	7328
28.796875	0.8	NonTarget	1	7372
28.96875	0.8	NonTarget	1	7416
29.140625	0.8	NonTarget	1	7460
29.3125	0.8	NonTarget	1	7504
29.484375	0.8	NonTarget	1	7548
29.65625	0.8	Target	2	7592
29.828125	0.8	NonTarget	1	7636
30.0	0.8	NonTarget	1	7680
30.171875	0.8	NonTarget	1	7724
30.34375	0.8	Target	2	7768
30.515625	0.8	NonTarget	1	7812
30.6875	0.8	NonTarget	1	7856
30.859375	0.8	NonTarget	1	7900
31.03125	0.8	NonTarget	1	7944
31.203125	0.8	Target	2	7988
31.375	0.8	NonTarget	1	8032
31.546875	0.8	NonTarget	1	8076
31.71875	0.8	NonTarget	1	8120
31.890625	0.8	NonTarget	1	8164
32.0625	0.8	NonTarget	1	8208
32.234375	0.8	Target	2	8252
32.40625	0.8	NonTarget	1	8296
32.578125	0.8	NonTarget	1	8340
32.75	0.8	Target	2	8384
32.921875	0.8	NonTarget	1	8428
33.09375	0.8	NonTarget	1	8472
33.265625	0.8	NonTarget	1	8516
33.4375	0.8	NonTarget	1	8560
33.609375	0.8	NonTarget	1	8604
33.78125	0.8	NonTarget	1	8648
33.953125	0.8	NonTarget	1	8692
34.125	0.8	NonTarget	1	8736
34.296875	0.8	NonTarget	1	8780
34.46875	0.8	Target	2	8824
34.640625	0.8	NonTarget	1	8868
34.8125	0.8	NonTarget	1	8912
34.984375	0.8	NonTarget	1	8956
35.15625	0.8	NonTarget	1	9000
35.328125	0.8	NonTarget	1	9044
35.5	0.8	NonTarget	1	9088
35.671875	0.8	NonTarget	1	9132
35.84375	0.8	Target	2	9176
36.015625	0.8	NonTarget	1	9220
36.1875	0.8	NonTarget	1	9264
36.359375	0.8	NonTarget	1	9308
36.53125	0.8	NonTarget	1	9352
36.703125	0.8	NonTarget	1	9396
36.875	0.8	NonTarget	1	9440
37.046875	0.8	NonTarget	1	9484
37.21875	0.8	NonTarget	1	9528
37.390625	0.8	NonTarget	1	9572
37.5625	0.8	NonTarget	1	9616
37.734375	0.8	Target	2	9660
37.90625	0.8	NonTarget	1	9704
38.078125	0.8	Target	2	9748
38.25	0.8	NonTarget	1	9792
38.421875	0.8	NonTarget	1	9836
38.59375	0.8	NonTarget	1	9880
38.765625	0.8	NonTarget	1	9924
38.9375	0.8	NonTarget	1	9968
39.109375	0.8	NonTarget	1	10012
39.28125	0.8	NonTarget	1	10056
39.453125	0.8	Target	2	10100
39.625	0.8	NonTarget	1	10144
39.796875	0.8	NonTarget	1	10188
39.96875	0.8	NonTarget	1	10232
40.140625	0.8	NonTarget	1	10276
40.3125	0.8	Target	2	10320
40.484375	0.8	NonTarget	1	10364
40.65625	0.8	NonTarget	1	10408
40.828125	0.8	NonTarget	1	10452
41.0	0.8	Target	2	10496
41.171875	0.8	NonTarget	1	10540
41.34375	0.8	NonTarget	1	10584
41.515625	0.8	NonTarget	1	10628
41.6875	0.8	NonTarget	1	10672
41.859375	0.8	NonTarget	1	10716
42.03125	0.8	NonTarget	1	10760
42.203125	0.8	Target	2	10804
42.375	0.8	NonTarget	1	10848
42.546875	0.8	NonTarget	1	10892
42.71875	0.8	NonTarget	1	10936
42.890625	0.8	NonTarget	1	10980
43.0625	0.8	NonTarget	1	11024
43.234375	0.8	Target	2	11068
43.40625	0.8	NonTarget	1	11112
43.578125	0.8	NonTarget	1	11156
43.75	0.8	NonTarget	1	11200
43.921875	0.8	Target	2	11244
44.09375	0.8	NonTarget	1	11288
44.265625	0.8	NonTarget	1	11332
44.4375	0.8	NonTarget	1	11376
48.25	0.8	NonTarget	1	12352
48.421875	0.8	Target	2	12396
48.59375	0.8	NonTarget	1	12440
48.765625	0.8	Target	2	12484
48.9375	0.8	NonTarget	1	12528
49.109375	0.8	NonTarget	1	12572
49.28125	0.8	NonTarget	1	12616
49.453125	0.8	NonTarget	1	12660
49.625	0.8	NonTarget	1	12704
49.796875	0.8	NonTarget	1	12748
49.96875	0.8	NonTarget	1	12792
50.140625	0.8	NonTarget	1	12836
50.3125	0.8	NonTarget	1	12880
50.484375	0.8	NonTarget	1	12924
50.65625	0.8	NonTarget	1	12968
50.828125	0.8	NonTarget	1	13012
51.0	0.8	NonTarget	1	13056
51.171875	0.8	NonTarget	1	13100
51.34375	0.8	NonTarget	1	13144
51.515625	0.8	NonTarget	1	13188
51.6875	0.8	NonTarget	1	13232
51.859375	0.8	Target	2	13276
52.03125	0.8	NonTarget	1	13320
52.203125	0.8	Target	2	13364
52.375	0.8	NonTarget	1	13408
52.546875	0.8	NonTarget	1	13452
52.71875	0.8	Target	2	13496
52.890625	0.8	NonTarget	1	13540
53.0625	0.8	Target	2	13584
53.234375	0.8	NonTarget	1	13628
53.40625	0.8	NonTarget	1	13672
53.578125	0.8	NonTarget	1	13716
53.75	0.8	NonTarget	1	13760
53.921875	0.8	NonTarget	1	13804
54.09375	0.8	NonTarget	1	13848
54.265625	0.8	NonTarget	1	13892
54.4375	0.8	NonTarget	1	13936
54.609375	0.8	NonTarget	1	13980
54.78125	0.8	NonTarget	1	14024
54.953125	0.8	NonTarget	1	14068
55.125	0.8	NonTarget	1	14112
55.296875	0.8	Target	2	14156
55.46875	0.8	Target	2	14200
55.640625	0.8	NonTarget	1	14244
55.8125	0.8	NonTarget	1	14288
55.984375	0.8	NonTarget	1	14332
56.15625	0.8	NonTarget	1	14376
56.328125	0.8	NonTarget	1	14420
56.5	0.8	NonTarget	1	14464
56.671875	0.8	NonTarget	1	14508
56.84375	0.8	NonTarget	1	14552
57.015625	0.8	NonTarget	1	14596
57.1875	0.8	NonTarget	1	14640
57.359375	0.8	NonTarget	1	14684
57.53125	0.8	NonTarget	1	14728
57.703125	0.8	NonTarget	1	14772
57.875	0.8	Target	2	14816
58.046875	0.8	Target	2	14860
58.21875	0.8	NonTarget	1	14904
58.390625	0.8	NonTarget	1	14948
58.5625	0.8	NonTarget	1	14992
58.734375	0.8	NonTarget	1	15036
58.90625	0.8	NonTarget	1	15080
59.078125	0.8	NonTarget	1	15124
59.25	0.8	NonTarget	1	15168
59.421875	0.8	NonTarget	1	15212
59.59375	0.8	NonTarget	1	15256
59.765625	0.8	Target	2	15300
59.9375	0.8	NonTarget	1	15344
60.109375	0.8	NonTarget	1	15388
60.28125	0.8	Target	2	15432
60.453125	0.8	NonTarget	1	15476
60.625	0.8	NonTarget	1	15520
60.796875	0.8	NonTarget	1	15564
60.96875	0.8	NonTarget	1	15608
61.140625	0.8	NonTarget	1	15652
61.3125	0.8	NonTarget	1	15696
61.484375	0.8	Target	2	15740
61.65625	0.8	NonTarget	1	15784
61.828125	0.8	NonTarget	1	15828
62.0	0.8	NonTarget	1	15872
62.171875	0.8	Target	2	15916
62.34375	0.8	NonTarget	1	15960
62.515625	0.8	NonTarget	1	16004
62.6875	0.8	NonTarget	1	16048
62.859375	0.8	NonTarget	1	16092
63.03125	0.8	Target	2	16136
63.203125	0.8	NonTarget	1	16180
63.375	0.8	NonTarget	1	16224
63.546875	0.8	NonTarget	1	16268
63.71875	0.8	NonTarget	1	16312
63.890625	0.8	Target	2	16356
64.0625	0.8	NonTarget	1	16400
64.234375	0.8	NonTarget	1	16444
64.40625	0.8	NonTarget	1	16488
64.578125	0.8	NonTarget	1	16532
64.75	0.8	NonTarget	1	16576
64.921875	0.8	NonTarget	1	16620
65.09375	0.8	NonTarget	1	16664
65.265625	0.8	NonTarget	1	16708
65.4375	0.8	NonTarget	1	16752
65.609375	0.8	Target	2	16796
65.78125	0.8	NonTarget	1	16840
65.953125	0.8	NonTarget	1	16884
66.125	0.8	NonTarget	1	16928
66.296875	0.8	NonTarget	1	16972
66.46875	0.8	Target	2	17016
66.640625	0.8	NonTarget	1	17060
66.8125	0.8	NonTarget	1	17104
66.984375	0.8	NonTarget	1	17148
67.15625	0.8	Target	2	17192
67.328125	0.8	NonTarget	1	17236
67.5	0.8	NonTarget	1	17280
67.671875	0.8	NonTarget	1	17324
67.84375	0.8	NonTarget	1	17368
68.015625	0.8	NonTarget	1	17412
68.1875	0.8	NonTarget	1	17456
68.359375	0.8	NonTarget	1	17500
68.53125	0.8	NonTarget	1	17544
68.703125	0.8	Target	2	17588
68.875	0.8	Target	2	17632
69.046875	0.8	NonTarget	1	17676
69.21875	0.8	NonTarget	1	17720
69.390625	0.8	NonTarget	1	17764
69.5625	0.8	Target	2	17808
69.734375	0.8	NonTarget	1	17852
69.90625	0.8	NonTarget	1	17896
70.078125	0.8	NonTarget	1	17940
70.25	0.8	NonTarget	1	17984
70.421875	0.8	NonTarget	1	18028
70.59375	0.8	NonTarget	1	18072
70.765625	0.8	NonTarget	1	18116
70.9375	0.8	NonTarget	1	18160
71.109375	0.8	NonTarget	1	18204
71.28125	0.8	NonTarget	1	18248
71.453125	0.8	NonTarget	1	18292
71.625	0.8	NonTarget	1	18336
71.796875	0.8	NonTarget	1	18380
71.96875	0.8	NonTarget	1	18424
72.140625	0.8	Target	2	18468
72.3125	0.8	NonTarget	1	18512
72.484375	0.8	Target	2	18556
72.65625	0.8	NonTarget	1	18600
72.828125	0.8	NonTarget	1	18644
73.0	0.8	NonTarget	1	18688
73.171875	0.8	Target	2	18732
73.34375	0.8	NonTarget	1	18776
73.515625	0.8	NonTarget	1	18820
73.6875	0.8	NonTarget	1	18864
73.859375	0.8	NonTarget	1	18908
74.03125	0.8	NonTarget	1	18952
74.203125	0.8	NonTarget	1	18996
74.375	0.8	NonTarget	1	19040
74.546875	0.8	NonTarget	1	19084
74.71875	0.8	NonTarget	1	19128
74.890625	0.8	Target	2	19172
75.0625	0.8	Target	2	19216
75.234375	0.8	NonTarget	1	19260
75.40625	0.8	NonTarget	1	19304
75.578125	0.8	NonTarget	1	19348
75.75	0.8	NonTarget	1	19392
75.921875	0.8	Target	2	19436
76.09375	0.8	NonTarget	1	19480
76.265625	0.8	NonTarget	1	19524
76.4375	0.8	NonTarget	1	19568
76.609375	0.8	NonTarget	1	19612
76.78125	0.8	NonTarget	1	19656
76.953125	0.8	NonTarget	1	19700
77.125	0.8	NonTarget	1	19744
77.296875	0.8	NonTarget	1	19788
77.46875	0.8	NonTarget	1	19832
77.640625	0.8	NonTarget	1	19876
77.8125	0.8	NonTarget	1	19920
77.984375	0.8	Target	2	19964
78.15625	0.8	NonTarget	1	20008
78.328125	0.8	NonTarget	1	20052
78.5	0.8	NonTarget	1	20096
78.671875	0.8	Target	2	20140
78.84375	0.8	NonTarget	1	20184
79.015625	0.8	NonTarget	1	20228
82.828125	0.8	NonTarget	1	21204
83.0	0.8	Target	2	21248
83.171875	0.8	NonTarget	1	21292
83.34375	0.8	NonTarget	1	21336
83.515625	0.8	NonTarget	1	21380
83.6875	0.8	Target	2	21424
83.859375	0.8	NonTarget	1	21468
84.03125	0.8	NonTarget	1	21512
84.203125	0.8	NonTarget	1	21556
84.375	0.8	NonTarget	1	21600
84.546875	0.8	NonTarget	1	21644
84.71875	0.8	NonTarget	1	21688
84.890625	0.8	Target	2	21732
85.0625	0.8	NonTarget	1	21776
85.234375	0.8	Target	2	21820
85.40625	0.8	NonTarget	1	21864
85.578125	0.8	NonTarget	1	21908
85.75	0.8	NonTarget	1	21952
85.921875	0.8	NonTarget	1	21996
86.09375	0.8	NonTarget	1	22040
86.265625	0.8	NonTarget	1	22084
86.4375	0.8	NonTarget	1	22128
86.609375	0.8	NonTarget	1	22172
86.78125	0.8	NonTarget	1	22216
86.953125	0.8	NonTarget	1	22260
87.125	0.8	Target	2	22304
87.296875	0.8	NonTarget	1	22348
87.46875	0.8	NonTarget	1	22392
87.640625	0.8	NonTarget	1	22436
87.8125	0.8	NonTarget	1	22480
87.984375	0.8	NonTarget	1	22524
88.15625	0.8	NonTarget	1	22568
88.328125	0.8	NonTarget	1	22612
88.5	0.8	NonTarget	1	22656
88.671875	0.8	Target	2	22700
88.84375	0.8	NonTarget	1	22744
89.015625	0.8	NonTarget	1	22788
89.1875	0.8	Target	2	22832
89.359375	0.8	NonTarget	1	22876
89.53125	0.8	NonTarget	1	22920
89.703125	0.8	NonTarget	1	22964
89.875	0.8	NonTarget	1	23008
90.046875	0.8	NonTarget	1	23052
90.21875	0.8	NonTarget	1	23096
90.390625	0.8	NonTarget	1	23140
90.5625	0.8	Target	2	23184
90.734375	0.8	NonTarget	1	23228
90.90625	0.8	NonTarget	1	23272
91.078125	0.8	Target	2	23316
91.25	0.8	NonTarget	1	23360
91.421875	0.8	NonTarget	1	23404
91.59375	0.8	NonTarget	1	23448
91.765625	0.8	Target	2	23492
91.9375	0.8	NonTarget	1	23536
92.109375	0.8	NonTarget	1	23580
92.28125	0.8	NonTarget	1	23624
92.453125	0.8	NonTarget	1	23668
92.625	0.8	NonTarget	1	23712
92.796875	0.8	NonTarget	1	23756
92.96875	0.8	NonTarget	1	23800
93.140625	0.8	NonTarget	1	23844
93.3125	0.8	NonTarget	1	23888
93.484375	0.8	NonTarget	1	23932
93.65625	0.8	NonTarget	1	23976
93.828125	0.8	Target	2	24020
94.0	0.8	NonTarget	1	24064
94.171875	0.8	NonTarget	1	24108
94.34375	0.8	NonTarget	1	24152
94.515625	0.8	NonTarget	1	24196
94.6875	0.8	NonTarget	1	24240
94.859375	0.8	Target	2	24284
95.03125	0.8	NonTarget	1	24328
95.203125	0.8	Target	2	24372
95.375	0.8	NonTarget	1	24416
95.546875	0.8	NonTarget	1	24460
95.71875	0.8	NonTarget	1	24504
95.890625	0.8	Target	2	24548
96.0625	0.8	NonTarget	1	24592
96.234375	0.8	NonTarget	1	24636
96.40625	0.8	NonTarget	1	24680
96.578125	0.8	NonTarget	1	24724
96.75	0.8	NonTarget	1	24768
96.921875	0.8	NonTarget	1	24812
97.09375	0.8	NonTarget	1	24856
97.265625	0.8	NonTarget	1	24900
97.4375	0.8	NonTarget	1	24944
97.609375	0.8	NonTarget	1	24988
97.78125	0.8	NonTarget	1	25032
97.953125	0.8	Target	2	25076
98.125	0.8	NonTarget	1	25120
98.296875	0.8	Target	2	25164
98.46875	0.8	NonTarget	1	25208
98.640625	0.8	NonTarget	1	25252
98.8125	0.8	NonTarget	1	25296
98.984375	0.8	NonTarget	1	25340
99.15625	0.8	NonTarget	1	25384
99.328125	0.8	NonTarget	1	25428
99.5	0.8	NonTarget	1	25472
99.671875	0.8	Target	2	25516
99.84375	0.8	NonTarget	1	25560
100.015625	0.8	NonTarget	1	25604
100.1875	0.8	NonTarget	1	25648
100.359375	0.8	NonTarget	1	25692
100.53125	0.8	Target	2	25736
100.703125	0.8	NonTarget	1	25780
100.875	0.8	NonTarget	1	25824
101.046875	0.8	NonTarget	1	25868
101.21875	0.8	NonTarget	1	25912
101.390625	0.8	NonTarget	1	25956
101.5625	0.8	NonTarget	1	26000
101.734375	0.8	NonTarget	1	26044
101.90625	0.8	Target	2	26088
102.078125	0.8	NonTarget	1	26132
102.25	0.8	NonTarget	1	26176
102.421875	0.8	NonTarget	1	26220
102.59375	0.8	NonTarget	1	26264
102.765625	0.8	NonTarget	1	26308
102.9375	0.8	Target	2	26352
103.109375	0.8	NonTarget	1	26396
103.28125	0.8	NonTarget	1	26440
103.453125	0.8	NonTarget	1	26484
103.625	0.8	NonTarget	1	26528
103.796875	0.8	NonTarget	1	26572
103.96875	0.8	NonTarget	1	26616
104.140625	0.8	Target	2	26660
104.3125	0.8	NonTarget	1	26704
104.484375	0.8	NonTarget	1	26748
104.65625	0.8	NonTarget	1	26792
104.828125	0.8	NonTarget	1	26836
105.0	0.8	NonTarget	1	26880
105.171875	0.8	Target	2	26924
105.34375	0.8	NonTarget	1	26968
105.515625	0.8	Target	2	27012
105.6875	0.8	NonTarget	1	27056
105.859375	0.8	NonTarget	1	27100
106.03125	0.8	NonTarget	1	27144
106.203125	0.8	NonTarget	1	27188
106.375	0.8	NonTarget	1	27232
106.546875	0.8	NonTarget	1	27276
106.71875	0.8	NonTarget	1	27320
106.890625	0.8	NonTarget	1	27364
107.0625	0.8	NonTarget	1	27408
107.234375	0.8	NonTarget	1	27452
107.40625	0.8	Target	2	27496
107.578125	0.8	NonTarget	1	27540
107.75	0.8	NonTarget	1	27584
107.921875	0.8	NonTarget	1	27628
108.09375	0.8	NonTarget	1	27672
108.265625	0.8	NonTarget	1	27716
108.4375	0.8	NonTarget	1	27760
108.609375	0.8	NonTarget	1	27804
108.78125	0.8	NonTarget	1	27848
108.953125	0.8	Target	2	27892
109.125	0.8	Target	2	27936
109.296875	0.8	NonTarget	1	27980
109.46875	0.8	NonTarget	1	28024
109.640625	0.8	NonTarget	1	28068
109.8125	0.8	NonTarget	1	28112
109.984375	0.8	Target	2	28156
110.15625	0.8	NonTarget	1	28200
110.328125	0.8	NonTarget	1	28244
110.5	0.8	NonTarget	1	28288
110.671875	0.8	NonTarget	1	28332
110.84375	0.8	Target	2	28376
111.015625	0.8	NonTarget	1	28420
111.1875	0.8	NonTarget	1	28464
111.359375	0.8	NonTarget	1	28508
111.53125	0.8	NonTarget	1	28552
111.703125	0.8	NonTarget	1	28596
111.875	0.8	NonTarget	1	28640
112.046875	0.8	NonTarget	1	28684
112.21875	0.8	NonTarget	1	28728
112.390625	0.8	NonTarget	1	28772
112.5625	0.8	NonTarget	1	28816
112.734375	0.8	Target	2	28860
112.90625	0.8	NonTarget	1	28904
113.078125	0.8	NonTarget	1	28948
113.25	0.8	NonTarget	1	28992
113.421875	0.8	Target	2	29036
113.59375	0.8	NonTarget	1	29080
117.40625	0.8	NonTarget	1	30056
117.578125	0.8	NonTarget	1	30100
117.75	0.8	NonTarget	1	30144
117.921875	0.8	NonTarget	1	30188
118.09375	0.8	NonTarget	1	30232
118.265625	0.8	Target	2	30276
118.4375	0.8	NonTarget	1	30320
118.609375	0.8	NonTarget	1	30364
118.78125	0.8	Target	2	30408
118.953125	0.8	NonTarget	1	30452
119.125	0.8	NonTarget	1	30496
119.296875	0.8	NonTarget	1	30540
119.46875	0.8	NonTarget	1	30584
119.640625	0.8	NonTarget	1	30628
119.8125	0.8	NonTarget	1	30672
119.984375	0.8	NonTarget	1	30716
120.15625	0.8	Target	2	30760
120.328125	0.8	NonTarget	1	30804
120.5	0.8	NonTarget	1	30848
120.671875	0.8	NonTarget	1	30892
120.84375	0.8	NonTarget	1	30936
121.015625	0.8	NonTarget	1	30980
121.1875	0.8	Target	2	31024
121.359375	0.8	NonTarget	1	31068
121.53125	0.8	NonTarget	1	31112
121.703125	0.8	NonTarget	1	31156
121.875	0.8	NonTarget	1	31200
122.046875	0.8	NonTarget	1	31244
122.21875	0.8	NonTarget	1	31288
122.390625	0.8	NonTarget	1	31332
122.5625	0.8	Target	2	31376
122.734375	0.8	NonTarget	1	31420
122.90625	0.8	NonTarget	1	31464
123.078125	0.8	NonTarget	1	31508
123.25	0.8	Target	2	31552
123.421875	0.8	NonTarget	1	31596
123.59375	0.8	NonTarget	1	31640
123.765625	0.8	NonTarget	1	31684
123.9375	0.8	NonTarget	1	31728
124.109375	0.8	NonTarget	1	31772
124.28125	0.8	NonTarget	1	31816
124.453125	0.8	NonTarget	1	31860
124.625	0.8	Target	2	31904
124.796875	0.8	NonTarget	1	31948
124.96875	0.8	Target	2	31992
125.140625	0.8	NonTarget	1	32036
125.3125	0.8	NonTarget	1	32080
125.484375	0.8	NonTarget	1	32124
125.65625	0.8	NonTarget	1	32168
125.828125	0.8	NonTarget	1	32212
126.0	0.8	NonTarget	1	32256
126.171875	0.8	NonTarget	1	32300
126.34375	0.8	Target	2	32344
126.515625	0.8	NonTarget	1	32388
126.6875	0.8	NonTarget	1	32432
126.859375	0.8	NonTarget	1	32476
127.03125	0.8	NonTarget	1	32520
127.203125	0.8	NonTarget	1	32564
127.375	0.8	NonTarget	1	32608
127.546875	0.8	Target	2	32652
127.71875	0.8	NonTarget	1	32696
127.890625	0.8	NonTarget	1	32740
128.0625	0.8	NonTarget	1	32784
128.234375	0.8	Target	2	32828
128.40625	0.8	NonTarget	1	32872
128.578125	0.8	NonTarget	1	32916
128.75	0.8	NonTarget	1	32960
128.921875	0.8	NonTarget	1	33004
129.09375	0.8	Target	2	33048
129.265625	0.8	NonTarget	1	33092
129.4375	0.8	NonTarget	1	33136
129.609375	0.8	NonTarget	1	33180
129.78125	0.8	Target	2	33224
129.953125	0.8	NonTarget	1	33268
130.125	0.8	NonTarget	1	33312
130.296875	0.8	NonTarget	1	33356
130.46875	0.8	NonTarget	1	33400
130.640625	0.8	NonTarget	1	33444
130.8125	0.8	NonTarget	1	33488
130.984375	0.8	NonTarget	1	33532
131.15625	0.8	NonTarget	1	33576
131.328125	0.8	Target	2	33620
131.5	0.8	NonTarget	1	33664
131.671875	0.8	NonTarget	1	33708
131.84375	0.8	Target	2	33752
132.015625	0.8	NonTarget	1	33796
132.1875	0.8	Target	2	33840
132.359375	0.8	NonTarget	1	33884
132.53125	0.8	NonTarget	1	33928
132.703125	0.8	NonTarget	1	33972
132.875	0.8	NonTarget	1	34016
133.046875	0.8	NonTarget	1	34060
133.21875	0.8	NonTarget	1	34104
133.390625	0.8	NonTarget	1	34148
133.5625	0.8	NonTarget	1	34192
133.734375	0.8	NonTarget	1	34236
133.90625	0.8	NonTarget	1	34280
134.078125	0.8	NonTarget	1	34324
134.25	0.8	NonTarget	1	34368
134.421875	0.8	NonTarget	1	34412
134.59375	0.8	Target	2	34456
134.765625	0.8	NonTarget	1	34500
134.9375	0.8	Target	2	34544
135.109375	0.8	NonTarget	1	34588
135.28125	0.8	NonTarget	1	34632
135.453125	0.8	NonTarget	1	34676
135.625	0.8	NonTarget	1	34720
135.796875	0.8	NonTarget	1	34764
135.96875	0.8	NonTarget	1	34808
136.140625	0.8	NonTarget	1	34852
136.3125	0.8	Target	2	34896
136.484375	0.8	NonTarget	1	34940
136.65625	0.8	NonTarget	1	34984
136.828125	0.8	NonTarget	1	35028
137.0	0.8	NonTarget	1	35072
137.171875	0.8	NonTarget	1	35116
137.34375	0.8	Target	2	35160
137.515625	0.8	NonTarget	1	35204
137.6875	0.8	NonTarget	1	35248
137.859375	0.8	NonTarget	1	35292
138.03125	0.8	Target	2	35336
138.203125	0.8	NonTarget	1	35380
138.375	0.8	NonTarget	1	35424
138.546875	0.8	NonTarget	1	35468
138.71875	0.8	NonTarget	1	35512
138.890625	0.8	NonTarget	1	35556
139.0625	0.8	NonTarget	1	35600
139.234375	0.8	NonTarget	1	35644
139.40625	0.8	NonTarget	1	35688
139.578125	0.8	NonTarget	1	35732
139.75	0.8	NonTarget	1	35776
139.921875	0.8	Target	2	35820
140.09375	0.8	NonTarget	1	35864
140.265625	0.8	NonTarget	1	35908
140.4375	0.8	NonTarget	1	35952
140.609375	0.8	Target	2	35996
140.78125	0.8	NonTarget	1	36040
140.953125	0.8	Target	2	36084
141.125	0.8	NonTarget	1	36128
141.296875	0.8	NonTarget	1	36172
141.46875	0.8	NonTarget	1	36216
141.640625	0.8	NonTarget	1	36260
141.8125	0.8	NonTarget	1	36304
141.984375	0.8	NonTarget	1	36348
142.15625	0.8	NonTarget	1	36392
142.328125	0.8	NonTarget	1	36436
142.5	0.8	NonTarget	1	36480
142.671875	0.8	NonTarget	1	36524
142.84375	0.8	NonTarget	1	36568
143.015625	0.8	NonTarget	1	36612
143.1875	0.8	NonTarget	1	36656
143.359375	0.8	Target	2	36700
143.53125	0.8	NonTarget	1	36744
143.703125	0.8	Target	2	36788
143.875	0.8	NonTarget	1	36832
144.046875	0.8	NonTarget	1	36876
144.21875	0.8	NonTarget	1	36920
144.390625	0.8	NonTarget	1	36964
144.5625	0.8	NonTarget	1	37008
144.734375	0.8	NonTarget	1	37052
144.90625	0.8	Target	2	37096
145.078125	0.8	NonTarget	1	37140
145.25	0.8	NonTarget	1	37184
145.421875	0.8	NonTarget	1	37228
145.59375	0.8	NonTarget	1	37272
145.765625	0.8	Target	2	37316
145.9375	0.8	NonTarget	1	37360
146.109375	0.8	NonTarget	1	37404
146.28125	0.8	NonTarget	1	37448
146.453125	0.8	NonTarget	1	37492
146.625	0.8	NonTarget	1	37536
146.796875	0.8	NonTarget	1	37580
146.96875	0.8	Target	2	37624
147.140625	0.8	NonTarget	1	37668
147.3125	0.8	NonTarget	1	37712
147.484375	0.8	NonTarget	1	37756
147.65625	0.8	NonTarget	1	37800
147.828125	0.8	Target	2	37844
148.0	0.8	NonTarget	1	37888
148.171875	0.8	NonTarget	1	37932
151.984375	0.8	NonTarget	1	38908
152.15625	0.8	NonTarget	1	38952
152.328125	0.8	NonTarget	1	38996
152.5	0.8	NonTarget	1	39040
152.671875	0.8	NonTarget	1	39084
152.84375	0.8	NonTarget	1	39128
153.015625	0.8	Target	2	39172
153.1875	0.8	NonTarget	1	39216
153.359375	0.8	Target	2	39260
153.53125	0.8	NonTarget	1	39304
153.703125	0.8	NonTarget	1	39348
153.875	0.8	NonTarget	1	39392
154.046875	0.8	NonTarget	1	39436
154.21875	0.8	NonTarget	1	39480
154.390625	0.8	NonTarget	1	39524
154.5625	0.8	Target	2	39568
154.734375	0.8	Target	2	39612
154.90625	0.8	NonTarget	1	39656
155.078125	0.8	NonTarget	1	39700
155.25	0.8	NonTarget	1	39744
155.421875	0.8	NonTarget	1	39788
155.59375	0.8	NonTarget	1	39832
155.765625	0.8	NonTarget	1	39876
155.9375	0.8	NonTarget	1	39920
156.109375	0.8	NonTarget	1	39964
156.28125	0.8	NonTarget	1	40008
156.453125	0.8	NonTarget	1	40052
156.625	0.8	NonTarget	1	40096
156.796875	0.8	Target	2	40140
156.96875	0.8	Target	2	40184
157.140625	0.8	NonTarget	1	40228
157.3125	0.8	NonTarget	1	40272
157.484375	0.8	NonTarget	1	40316
157.65625	0.8	NonTarget	1	40360
157.828125	0.8	NonTarget	1	40404
158.0	0.8	NonTarget	1	40448
158.171875	0.8	NonTarget	1	40492
158.34375	0.8	NonTarget	1	40536
158.515625	0.8	NonTarget	1	40580
158.6875	0.8	Target	2	40624
158.859375	0.8	NonTarget	1	40668
159.03125	0.8	Target	2	40712
159.203125	0.8	NonTarget	1	40756
159.375	0.8	NonTarget	1	40800
159.546875	0.8	NonTarget	1	40844
159.71875	0.8	NonTarget	1	40888
159.890625	0.8	NonTarget	1	40932
160.0625	0.8	NonTarget	1	40976
160.234375	0.8	NonTarget	1	41020
160.40625	0.8	NonTarget	1	41064
160.578125	0.8	NonTarget	1	41108
160.75	0.8	Target	2	41152
160.921875	0.8	NonTarget	1	41196
161.09375	0.8	NonTarget	1	41240
161.265625	0.8	NonTarget	1	41284
161.4375	0.8	NonTarget	1	41328
161.609375	0.8	Target	2	41372
161.78125	0.8	NonTarget	1	41416
161.953125	0.8	NonTarget	1	41460
162.125	0.8	NonTarget	1	41504
162.296875	0.8	NonTarget	1	41548
162.46875	0.8	NonTarget	1	41592
162.640625	0.8	Target	2	41636
162.8125	0.8	NonTarget	1	41680
162.984375	0.8	NonTarget	1	41724
163.15625	0.8	NonTarget	1	41768
163.328125	0.8	NonTarget	1	41812
163.5	0.8	Target	2	41856
163.671875	0.8	NonTarget	1	41900
163.84375	0.8	NonTarget	1	41944
164.015625	0.8	NonTarget	1	41988
164.1875	0.8	NonTarget	1	42032
164.359375	0.8	NonTarget	1	42076
164.53125	0.8	NonTarget	1	42120
164.703125	0.8	NonTarget	1	42164
164.875	0.8	NonTarget	1	42208
165.046875	0.8	NonTarget	1	42252
165.21875	0.8	NonTarget	1	42296
165.390625	0.8	Target	2	42340
165.5625	0.8	Target	2	42384
165.734375	0.8	NonTarget	1	42428
165.90625	0.8	NonTarget	1	42472
166.078125	0.8	NonTarget	1	42516
166.25	0.8	NonTarget	1	42560
166.421875	0.8	NonTarget	1	42604
166.59375	0.8	NonTarget	1	42648
166.765625	0.8	NonTarget	1	42692
166.9375	0.8	NonTarget	1	42736
167.109375	0.8	NonTarget	1	42780
167.28125	0.8	NonTarget	1	42824
167.453125	0.8	NonTarget	1	42868
167.625	0.8	Target	2	42912
167.796875	0.8	NonTarget	1	42956
167.96875	0.8	NonTarget	1	43000
168.140625	0.8	Target	2	43044
168.3125	0.8	NonTarget	1	43088
168.484375	0.8	NonTarget	1	43132
168.65625	0.8	NonTarget	1	43176
168.828125	0.8	Target	2	43220
169.0	0.8	NonTarget	1	43264
169.171875	0.8	NonTarget	1	43308
169.34375	0.8	NonTarget	1	43352
169.515625	0.8	NonTarget	1	43396
169.6875	0.8	NonTarget	1	43440
169.859375	0.8	NonTarget	1	43484
170.03125	0.8	NonTarget	1	43528
170.203125	0.8	NonTarget	1	43572
170.375	0.8	Target	2	43616
170.546875	0.8	NonTarget	1	43660
170.71875	0.8	NonTarget	1	43704
170.890625	0.8	Target	2	43748
171.0625	0.8	NonTarget	1	43792
171.234375	0.8	NonTarget	1	43836
171.40625	0.8	NonTarget	1	43880
171.578125	0.8	NonTarget	1	43924
171.75	0.8	NonTarget	1	43968
171.921875	0.8	NonTarget	1	44012
172.09375	0.8	NonTarget	1	44056
172.265625	0.8	Target	2	44100
172.4375	0.8	NonTarget	1	44144
172.609375	0.8	NonTarget	1	44188
172.78125	0.8	NonTarget	1	44232
172.953125	0.8	NonTarget	1	44276
173.125	0.8	NonTarget	1	44320
173.296875	0.8	NonTarget	1	44364
173.46875	0.8	NonTarget	1	44408
173.640625	0.8	NonTarget	1	44452
173.8125	0.8	NonTarget	1	44496
173.984375	0.8	Target	2	44540
174.15625	0.8	NonTarget	1	44584
174.328125	0.8	Target	2	44628
174.5	0.8	NonTarget	1	44672
174.671875	0.8	Target	2	44716
174.84375	0.8	NonTarget	1	44760
175.015625	0.8	NonTarget	1	44804
175.1875	0.8	NonTarget	1	44848
175.359375	0.8	NonTarget	1	44892
175.53125	0.8	NonTarget	1	44936
175.703125	0.8	NonTarget	1	44980
175.875	0.8	NonTarget	1	45024
176.046875	0.8	NonTarget	1	45068
176.21875	0.8	Target	2	45112
176.390625	0.8	NonTarget	1	45156
176.5625	0.8	NonTarget	1	45200
176.734375	0.8	NonTarget	1	45244
176.90625	0.8	Target	2	45288
177.078125	0.8	NonTarget	1	45332
177.25	0.8	NonTarget	1	45376
177.421875	0.8	NonTarget	1	45420
177.59375	0.8	NonTarget	1	45464
177.765625	0.8	NonTarget	1	45508
177.9375	0.8	NonTarget	1	45552
178.109375	0.8	NonTarget	1	45596
178.28125	0.8	NonTarget	1	45640
178.453125	0.8	Target	2	45684
178.625	0.8	NonTarget	1	45728
178.796875	0.8	NonTarget	1	45772
178.96875	0.8	NonTarget	1	45816
179.140625	0.8	NonTarget	1	45860
179.3125	0.8	Target	2	45904
179.484375	0.8	Target	2	45948
179.65625	0.8	NonTarget	1	45992
179.828125	0.8	NonTarget	1	46036
180.0	0.8	NonTarget	1	46080
180.171875	0.8	NonTarget	1	46124
180.34375	0.8	NonTarget	1	46168
180.515625	0.8	NonTarget	1	46212
180.6875	0.8	NonTarget	1	46256
180.859375	0.8	NonTarget	1	46300
181.03125	0.8	NonTarget	1	46344
181.203125	0.8	NonTarget	1	46388
181.375	0.8	NonTarget	1	46432
181.546875	0.8	NonTarget	1	46476
181.71875	0.8	NonTarget	1	46520
181.890625	0.8	NonTarget	1	46564
182.0625	0.8	NonTarget	1	46608
182.234375	0.8	Target	2	46652
182.40625	0.8	Target	2	46696
182.578125	0.8	NonTarget	1	46740
182.75	0.8	NonTarget	1	46784
